Label_id,XMin,YMin,XMax,YMax,image_url,width,height
m/01/002,199,244,78,62,image_part_001.jpg,509,544
m/01/002,215,460,62,31,image_part_001.jpg,509,544
m/01/002,123,452,48,41,image_part_001.jpg,509,544
m/01/002,78,413,26,30,image_part_001.jpg,509,544
m/01/002,78,350,26,41,image_part_001.jpg,509,544
m/01/002,131,287,27,50,image_part_001.jpg,509,544
m/01/002,253,165,48,31,image_part_001.jpg,509,544
m/01/002,236,127,24,26,image_part_001.jpg,509,544
m/01/002,105,175,70,51,image_part_001.jpg,509,544
m/01/002,81,119,25,32,image_part_001.jpg,509,544
m/01/002,46,156,36,23,image_part_001.jpg,509,544
m/01/002,2,159,34,12,image_part_001.jpg,509,544
m/01/002,44,44,42,16,image_part_001.jpg,509,544
m/01/002,5,50,18,29,image_part_001.jpg,509,544
m/01/002,91,60,16,36,image_part_001.jpg,509,544
m/01/002,34,343,32,24,image_part_001.jpg,509,544
m/01/002,2,342,20,29,image_part_001.jpg,509,544
m/01/002,78,289,45,19,image_part_001.jpg,509,544
m/01/002,137,3,20,45,image_part_001.jpg,509,544
m/01/002,90,5,31,13,image_part_001.jpg,509,544
m/01/002,230,3,27,26,image_part_001.jpg,509,544
m/01/002,272,35,35,24,image_part_001.jpg,509,544
m/01/002,285,79,26,19,image_part_001.jpg,509,544
m/01/002,298,115,39,23,image_part_001.jpg,509,544
m/01/002,359,107,33,22,image_part_001.jpg,509,544
m/01/002,262,336,31,22,image_part_001.jpg,509,544
m/01/002,275,381,21,23,image_part_001.jpg,509,544
m/01/002,284,418,46,18,image_part_001.jpg,509,544
m/01/002,346,411,37,16,image_part_001.jpg,509,544
m/01/002,295,301,25,25,image_part_001.jpg,509,544
m/01/002,342,294,42,15,image_part_001.jpg,509,544
m/01/002,389,230,49,21,image_part_001.jpg,509,544
m/01/002,401,152,45,23,image_part_001.jpg,509,544
m/01/002,379,321,20,36,image_part_001.jpg,509,544
m/01/002,385,375,12,29,image_part_001.jpg,509,544
m/01/002,430,402,28,43,image_part_001.jpg,509,544
m/01/002,387,456,47,21,image_part_001.jpg,509,544
m/01/002,413,512,16,27,image_part_001.jpg,509,544
m/01/002,445,248,14,60,image_part_001.jpg,509,544
m/01/002,20,144,67,41,image_part_002.jpg,510,544
m/01/002,56,278,37,32,image_part_002.jpg,510,544
m/01/002,76,330,15,28,image_part_002.jpg,510,544
m/01/002,88,368,39,20,image_part_002.jpg,510,544
m/01/002,2,234,41,45,image_part_002.jpg,510,544
m/01/002,24,379,23,25,image_part_002.jpg,510,544
m/01/002,31,423,32,26,image_part_002.jpg,510,544
m/01/002,10,495,48,37,image_part_002.jpg,510,544
m/01/002,185,402,51,26,image_part_002.jpg,510,544
m/01/002,146,353,31,24,image_part_002.jpg,510,544
m/01/002,244,326,40,15,image_part_002.jpg,510,544
m/01/002,299,326,48,20,image_part_002.jpg,510,544
m/01/002,363,371,35,41,image_part_002.jpg,510,544
m/01/002,192,471,24,47,image_part_002.jpg,510,544
m/01/002,291,486,47,33,image_part_002.jpg,510,544
m/01/002,372,433,30,25,image_part_002.jpg,510,544
m/01/002,404,462,37,13,image_part_002.jpg,510,544
m/01/002,388,346,44,12,image_part_002.jpg,510,544
m/01/002,449,357,32,12,image_part_002.jpg,510,544
m/01/002,491,364,13,34,image_part_002.jpg,510,544
m/01/002,489,415,16,31,image_part_002.jpg,510,544
m/01/002,452,455,41,24,image_part_002.jpg,510,544
m/01/002,489,501,13,37,image_part_002.jpg,510,544
m/01/002,1,3,501,106,image_part_002.jpg,510,544
m/01/002,215,174,26,52,image_part_002.jpg,510,544
m/01/002,321,175,117,64,image_part_002.jpg,510,544
m/01/002,312,125,37,36,image_part_002.jpg,510,544
m/01/003,446,135,31,19,image_part_002.jpg,510,544
m/01/003,431,381,20,15,image_part_002.jpg,510,544
m/01/003,464,401,10,18,image_part_002.jpg,510,544
m/01/003,184,290,21,14,image_part_002.jpg,510,544
m/01/004,201,241,156,46,image_part_002.jpg,510,544
m/01/004,140,121,164,47,image_part_002.jpg,510,544
m/01/004,257,175,38,61,image_part_002.jpg,510,544
m/01/004,143,179,60,55,image_part_002.jpg,510,544
m/01/002,3,3,90,110,image_part_003.jpg,509,544
m/01/002,57,357,31,24,image_part_003.jpg,509,544
m/01/002,31,383,19,16,image_part_003.jpg,509,544
m/01/002,77,518,45,18,image_part_003.jpg,509,544
m/01/002,147,516,31,12,image_part_003.jpg,509,544
m/01/002,116,461,34,18,image_part_003.jpg,509,544
m/01/002,154,421,13,30,image_part_003.jpg,509,544
m/01/002,161,364,15,29,image_part_003.jpg,509,544
m/01/002,123,350,35,13,image_part_003.jpg,509,544
m/01/002,194,535,12,9,image_part_003.jpg,509,544
m/01/002,19,530,37,14,image_part_003.jpg,509,544
m/01/002,92,263,119,46,image_part_003.jpg,509,544
m/01/004,291,10,211,74,image_part_003.jpg,509,544
m/01/004,310,180,102,341,image_part_003.jpg,509,544
m/01/004,117,6,120,161,image_part_003.jpg,509,544
m/01/003,429,350,80,102,image_part_003.jpg,509,544
m/01/004,0,2,176,452,image_part_004.jpg,509,544
m/01/004,190,111,130,206,image_part_004.jpg,509,544
m/01/002,213,1,60,29,image_part_004.jpg,509,544
m/01/002,281,46,35,25,image_part_004.jpg,509,544
m/01/002,335,36,51,21,image_part_004.jpg,509,544
m/01/002,375,58,24,49,image_part_004.jpg,509,544
m/01/002,375,120,28,30,image_part_004.jpg,509,544
m/01/002,377,0,41,11,image_part_004.jpg,509,544
m/01/002,429,1,19,49,image_part_004.jpg,509,544
m/01/001,354,438,72,93,image_part_004.jpg,509,544
m/01/003,223,503,33,23,image_part_004.jpg,509,544
m/01/003,460,322,30,35,image_part_004.jpg,509,544
m/01/003,452,230,33,32,image_part_004.jpg,509,544
m/01/002,218,110,22,45,image_part_005.jpg,510,544
m/01/002,175,162,43,15,image_part_005.jpg,510,544
m/01/002,130,114,37,18,image_part_005.jpg,510,544
m/01/002,78,113,37,27,image_part_005.jpg,510,544
m/01/002,166,76,16,25,image_part_005.jpg,510,544
m/01/002,171,13,18,37,image_part_005.jpg,510,544
m/01/002,79,4,20,24,image_part_005.jpg,510,544
m/01/002,130,15,22,13,image_part_005.jpg,510,544
m/01/002,210,2,25,9,image_part_005.jpg,510,544
m/01/002,65,81,13,26,image_part_005.jpg,510,544
m/01/002,65,43,11,22,image_part_005.jpg,510,544
m/01/002,25,179,28,34,image_part_005.jpg,510,544
m/01/002,9,133,18,31,image_part_005.jpg,510,544
m/01/002,2,5,23,29,image_part_005.jpg,510,544
m/01/002,319,84,17,36,image_part_005.jpg,510,544
m/01/002,335,135,27,32,image_part_005.jpg,510,544
m/01/002,377,183,56,19,image_part_005.jpg,510,544
m/01/002,391,68,31,25,image_part_005.jpg,510,544
m/01/002,369,34,10,45,image_part_005.jpg,510,544
m/01/002,362,2,16,15,image_part_005.jpg,510,544
m/01/002,440,64,32,18,image_part_005.jpg,510,544
m/01/002,472,115,37,13,image_part_005.jpg,510,544
m/01/002,458,159,18,34,image_part_005.jpg,510,544
m/01/003,68,204,164,19,image_part_005.jpg,510,544
m/01/003,13,268,129,19,image_part_005.jpg,510,544
m/01/003,172,268,153,6,image_part_005.jpg,510,544
m/01/003,135,302,34,56,image_part_005.jpg,510,544
m/01/003,350,276,64,28,image_part_005.jpg,510,544
m/01/001,219,366,99,96,image_part_005.jpg,510,544
m/01/001,68,377,47,45,image_part_005.jpg,510,544
m/01/002,318,25,182,190,image_part_006.jpg,509,544
m/01/001,7,309,11,220,image_part_006.jpg,509,544
m/01/003,307,284,101,55,image_part_006.jpg,509,544
m/01/003,316,394,38,33,image_part_006.jpg,509,544
m/01/003,328,488,39,22,image_part_006.jpg,509,544
m/01/003,335,524,31,16,image_part_006.jpg,509,544
m/01/003,116,30,36,31,image_part_006.jpg,509,544
m/01/002,150,99,46,25,image_part_006.jpg,509,544
m/01/002,102,100,36,19,image_part_006.jpg,509,544
m/01/002,149,166,47,14,image_part_006.jpg,509,544
m/01/002,97,166,30,21,image_part_006.jpg,509,544
m/01/002,184,3,17,26,image_part_006.jpg,509,544
m/01/002,64,14,31,22,image_part_006.jpg,509,544
m/01/002,420,285,19,31,image_part_006.jpg,509,544
m/01/002,362,362,24,38,image_part_006.jpg,509,544
m/01/002,421,356,18,51,image_part_006.jpg,509,544
m/01/002,381,503,17,30,image_part_006.jpg,509,544
m/01/004,226,3,56,202,image_part_006.jpg,509,544
m/01/004,174,254,116,283,image_part_006.jpg,509,544
m/01/002,84,265,28,47,image_part_007.jpg,509,544
m/01/002,94,108,16,57,image_part_007.jpg,509,544
m/01/002,37,95,50,21,image_part_007.jpg,509,544
m/01/002,3,152,35,17,image_part_007.jpg,509,544
m/01/002,43,174,16,41,image_part_007.jpg,509,544
m/01/002,27,228,23,32,image_part_007.jpg,509,544
m/01/002,1,263,27,23,image_part_007.jpg,509,544
m/01/002,35,317,48,20,image_part_007.jpg,509,544
m/01/001,237,11,174,100,image_part_007.jpg,509,544
m/01/003,336,249,98,71,image_part_007.jpg,509,544
m/01/002,127,433,124,36,image_part_008.jpg,510,544
m/01/002,303,362,79,44,image_part_008.jpg,510,544
m/01/002,446,245,37,91,image_part_008.jpg,510,544
m/01/002,24,98,63,17,image_part_008.jpg,510,544
m/01/002,130,157,18,27,image_part_008.jpg,510,544
m/01/003,0,14,69,24,image_part_008.jpg,510,544
m/01/003,167,36,110,17,image_part_008.jpg,510,544
m/01/003,76,37,24,21,image_part_008.jpg,510,544
m/01/001,140,6,120,17,image_part_008.jpg,510,544
m/01/004,167,107,305,125,image_part_008.jpg,510,544
m/01/004,156,278,94,129,image_part_008.jpg,510,544
m/01/004,354,6,148,264,image_part_009.jpg,509,544
m/01/004,106,5,166,90,image_part_009.jpg,509,544
m/01/004,86,224,47,96,image_part_009.jpg,509,544
m/01/004,3,32,15,197,image_part_009.jpg,509,544
m/01/002,236,411,25,29,image_part_009.jpg,509,544
m/01/002,367,343,26,54,image_part_009.jpg,509,544
m/01/002,409,429,25,50,image_part_009.jpg,509,544
m/01/002,173,362,14,25,image_part_009.jpg,509,544
m/01/002,410,359,33,14,image_part_009.jpg,509,544
m/01/001,0,2,13,9,image_part_009.jpg,509,544
m/01/001,486,13,40,24,1 (1).jpeg,797,644
m/01/004,359,28,97,48,1 (1).jpeg,797,644
m/01/004,437,217,223,145,1 (1).jpeg,797,644
m/01/002,310,576,9,13,1 (1).jpeg,797,644
m/01/004,434,446,173,149,1 (1).jpeg,797,644
m/01/004,135,107,1,2,1 (1).jpeg,797,644
m/01/002,180,59,32,76,1 (1).jpeg,797,644
m/01/002,215,214,19,42,1 (1).jpeg,797,644
m/01/002,153,214,16,31,1 (1).jpeg,797,644
m/01/002,195,17,24,30,1 (1).jpeg,797,644
m/01/002,151,43,12,28,1 (1).jpeg,797,644
m/01/002,236,136,12,19,1 (1).jpeg,797,644
m/01/002,261,208,17,34,1 (1).jpeg,797,644
m/01/002,309,181,9,7,1 (1).jpeg,797,644
m/01/001,360,136,22,65,1 (1).jpeg,797,644
m/01/004,92,359,147,238,1 (1).jpeg,797,644
m/01/001,426,118,235,509,1 (10).jpeg,682,658
m/01/002,147,303,50,39,1 (10).jpeg,682,658
m/01/002,163,351,20,32,1 (10).jpeg,682,658
m/01/002,148,405,57,25,1 (10).jpeg,682,658
m/01/002,138,226,64,29,1 (10).jpeg,682,658
m/01/002,142,201,17,11,1 (10).jpeg,682,658
m/01/002,181,202,37,12,1 (10).jpeg,682,658
m/01/002,136,146,23,33,1 (10).jpeg,682,658
m/01/002,41,425,13,26,1 (10).jpeg,682,658
m/01/003,4,449,35,59,1 (10).jpeg,682,658
m/01/003,59,462,34,44,1 (10).jpeg,682,658
m/01/004,9,112,97,203,1 (10).jpeg,682,658
m/01/002,416,468,50,67,1 (11).jpeg,682,658
m/01/002,624,367,58,60,1 (11).jpeg,682,658
m/01/002,460,349,45,31,1 (11).jpeg,682,658
m/01/002,257,314,44,40,1 (11).jpeg,682,658
m/01/004,263,393,145,46,1 (11).jpeg,682,658
m/01/002,200,97,20,16,1 (11).jpeg,682,658
m/01/002,165,45,51,10,1 (11).jpeg,682,658
m/01/002,187,177,30,32,1 (11).jpeg,682,658
m/01/002,213,225,58,36,1 (11).jpeg,682,658
m/01/002,390,69,36,18,1 (11).jpeg,682,658
m/01/002,443,68,7,26,1 (11).jpeg,682,658
m/01/002,389,0,18,31,1 (11).jpeg,682,658
m/01/002,311,4,45,14,1 (11).jpeg,682,658
m/01/003,483,98,39,20,1 (11).jpeg,682,658
m/01/003,527,58,18,12,1 (11).jpeg,682,658
m/01/003,589,59,17,13,1 (11).jpeg,682,658
m/01/003,581,4,28,23,1 (11).jpeg,682,658
m/01/003,634,54,8,17,1 (11).jpeg,682,658
m/01/003,612,160,14,23,1 (11).jpeg,682,658
m/01/003,636,85,10,45,1 (11).jpeg,682,658
m/01/003,654,1,10,21,1 (11).jpeg,682,658
m/01/003,667,31,13,31,1 (11).jpeg,682,658
m/01/003,664,74,15,47,1 (11).jpeg,682,658
m/01/003,657,134,23,41,1 (11).jpeg,682,658
m/01/004,433,578,207,68,1 (11).jpeg,682,658
m/01/004,330,261,68,120,1 (11).jpeg,682,658
m/01/004,259,60,86,65,1 (11).jpeg,682,658
m/01/004,536,186,67,116,1 (11).jpeg,682,658
m/01/002,426,283,56,20,1 (11).jpeg,682,658
m/01/001,7,24,96,107,1 (11).jpeg,682,658
m/01/001,1,205,68,154,1 (11).jpeg,682,658
m/01/001,12,489,181,146,1 (11).jpeg,682,658
m/01/004,18,12,357,153,1 (12).jpeg,682,658
m/01/004,46,305,143,131,1 (12).jpeg,682,658
m/01/004,214,537,149,121,1 (12).jpeg,682,658
m/01/004,13,554,120,97,1 (12).jpeg,682,658
m/01/002,388,53,54,35,1 (12).jpeg,682,658
m/01/004,405,126,177,55,1 (12).jpeg,682,658
m/01/002,1,384,65,131,1 (12).jpeg,682,658
m/01/003,243,393,229,71,1 (12).jpeg,682,658
m/01/003,200,337,103,34,1 (12).jpeg,682,658
m/01/003,420,372,134,15,1 (12).jpeg,682,658
m/01/003,368,475,94,59,1 (12).jpeg,682,658
m/01/003,589,293,93,30,1 (12).jpeg,682,658
m/01/003,304,270,18,8,1 (12).jpeg,682,658
m/01/003,339,272,32,7,1 (12).jpeg,682,658
m/01/003,403,259,71,12,1 (12).jpeg,682,658
m/01/003,115,263,106,13,1 (12).jpeg,682,658
m/01/003,118,233,123,13,1 (12).jpeg,682,658
m/01/003,489,219,62,15,1 (12).jpeg,682,658
m/01/003,626,118,18,33,1 (12).jpeg,682,658
m/01/003,573,204,29,14,1 (12).jpeg,682,658
m/01/003,495,251,28,9,1 (12).jpeg,682,658
m/01/002,517,508,103,50,1 (12).jpeg,682,658
m/01/003,461,585,67,66,1 (12).jpeg,682,658
m/01/001,30,60,351,335,1 (13).jpeg,682,658
m/01/004,445,14,237,488,1 (13).jpeg,682,658
m/01/004,44,498,163,151,1 (13).jpeg,682,658
m/01/002,1,496,42,162,1 (13).jpeg,682,658
m/01/002,317,573,121,35,1 (13).jpeg,682,658
m/01/002,508,601,94,42,1 (13).jpeg,682,658
m/01/004,547,548,135,45,1 (13).jpeg,682,658
m/01/004,260,631,182,27,1 (13).jpeg,682,658
m/01/001,45,65,612,386,1 (14).jpeg,682,658
m/01/002,539,545,143,71,1 (14).jpeg,682,658
m/01/004,479,616,42,40,1 (14).jpeg,682,658
m/01/004,13,14,275,552,1 (15).jpeg,682,658
m/01/004,347,524,335,125,1 (15).jpeg,682,658
m/01/003,161,639,93,17,1 (15).jpeg,682,658
m/01/003,526,73,156,19,1 (15).jpeg,682,658
m/01/003,448,145,103,48,1 (15).jpeg,682,658
m/01/003,498,5,159,19,1 (15).jpeg,682,658
m/01/004,347,350,327,90,1 (15).jpeg,682,658
m/01/001,558,185,61,20,1 (15).jpeg,682,658
m/01/001,25,26,279,584,1 (16).jpeg,682,658
m/01/004,441,7,216,118,1 (16).jpeg,682,658
m/01/004,403,341,107,96,1 (16).jpeg,682,658
m/01/002,444,145,166,144,1 (16).jpeg,682,658
m/01/002,525,430,120,129,1 (16).jpeg,682,658
m/01/002,541,616,68,42,1 (16).jpeg,682,658
m/01/002,478,474,35,28,1 (16).jpeg,682,658
m/01/004,16,55,289,186,1 (17).jpeg,682,658
m/01/004,34,296,136,285,1 (17).jpeg,682,658
m/01/004,457,295,219,243,1 (17).jpeg,682,658
m/01/004,440,88,226,48,1 (17).jpeg,682,658
m/01/001,326,256,77,38,1 (17).jpeg,682,658
m/01/001,237,329,70,48,1 (17).jpeg,682,658
m/01/001,208,436,45,94,1 (17).jpeg,682,658
m/01/001,270,562,50,75,1 (17).jpeg,682,658
m/01/001,497,200,57,52,1 (17).jpeg,682,658
m/01/001,582,191,97,22,1 (17).jpeg,682,658
m/01/003,559,28,123,21,1 (17).jpeg,682,658
m/01/003,8,7,216,32,1 (18).jpeg,682,658
m/01/003,119,205,78,39,1 (18).jpeg,682,658
m/01/003,214,308,50,20,1 (18).jpeg,682,658
m/01/003,214,506,46,71,1 (18).jpeg,682,658
m/01/004,12,281,152,283,1 (18).jpeg,682,658
m/01/004,321,7,290,92,1 (18).jpeg,682,658
m/01/004,329,592,353,60,1 (18).jpeg,682,658
m/01/002,318,358,34,72,1 (18).jpeg,682,658
m/01/002,335,323,23,22,1 (18).jpeg,682,658
m/01/002,362,503,13,49,1 (18).jpeg,682,658
m/01/002,404,477,53,56,1 (18).jpeg,682,658
m/01/002,276,282,28,55,1 (18).jpeg,682,658
m/01/004,504,271,79,99,1 (18).jpeg,682,658
m/01/001,570,150,79,120,1 (18).jpeg,682,658
m/01/001,628,308,54,56,1 (18).jpeg,682,658
m/01/001,462,150,66,77,1 (18).jpeg,682,658
m/01/001,452,333,27,43,1 (18).jpeg,682,658
m/01/002,644,711,76,39,1 (19).jpeg,1099,846
m/01/002,513,403,206,55,1 (19).jpeg,1099,846
m/01/002,318,58,208,244,1 (19).jpeg,1099,846
m/01/002,180,421,123,167,1 (19).jpeg,1099,846
m/01/002,87,670,161,176,1 (19).jpeg,1099,846
m/01/002,333,456,183,124,1 (19).jpeg,1099,846
m/01/002,448,634,159,103,1 (19).jpeg,1099,846
m/01/002,313,744,126,99,1 (19).jpeg,1099,846
m/01/002,765,12,55,120,1 (19).jpeg,1099,846
m/01/002,653,194,80,61,1 (19).jpeg,1099,846
m/01/002,598,305,74,76,1 (19).jpeg,1099,846
m/01/002,809,752,24,88,1 (19).jpeg,1099,846
m/01/002,581,761,117,44,1 (19).jpeg,1099,846
m/01/002,554,531,32,52,1 (19).jpeg,1099,846
m/01/003,864,457,17,26,1 (19).jpeg,1099,846
m/01/003,831,525,48,18,1 (19).jpeg,1099,846
m/01/003,766,474,34,40,1 (19).jpeg,1099,846
m/01/003,882,383,42,29,1 (19).jpeg,1099,846
m/01/003,937,431,48,30,1 (19).jpeg,1099,846
m/01/003,1004,458,42,29,1 (19).jpeg,1099,846
m/01/003,954,585,14,28,1 (19).jpeg,1099,846
m/01/003,933,624,25,14,1 (19).jpeg,1099,846
m/01/003,1057,481,42,29,1 (19).jpeg,1099,846
m/01/003,1089,329,10,33,1 (19).jpeg,1099,846
m/01/003,1005,261,48,21,1 (19).jpeg,1099,846
m/01/002,880,722,43,110,1 (19).jpeg,1099,846
m/01/002,797,638,65,41,1 (19).jpeg,1099,846
m/01/002,943,796,80,14,1 (19).jpeg,1099,846
m/01/001,290,644,92,54,1 (19).jpeg,1099,846
m/01/004,37,21,602,126,1 (2).jpeg,797,644
m/01/004,126,227,256,93,1 (2).jpeg,797,644
m/01/004,632,256,165,119,1 (2).jpeg,797,644
m/01/004,682,118,115,70,1 (2).jpeg,797,644
m/01/004,6,463,93,166,1 (2).jpeg,797,644
m/01/004,325,557,234,69,1 (2).jpeg,797,644
m/01/001,188,387,432,82,1 (2).jpeg,797,644
m/01/001,263,629,62,15,1 (2).jpeg,797,644
m/01/003,821,449,196,165,1 (20).jpeg,1099,846
m/01/003,781,384,271,32,1 (20).jpeg,1099,846
m/01/002,665,373,64,109,1 (20).jpeg,1099,846
m/01/002,424,294,76,83,1 (20).jpeg,1099,846
m/01/002,123,32,171,61,1 (20).jpeg,1099,846
m/01/002,161,191,162,79,1 (20).jpeg,1099,846
m/01/002,446,100,208,102,1 (20).jpeg,1099,846
m/01/002,847,30,227,73,1 (20).jpeg,1099,846
m/01/002,22,628,89,177,1 (20).jpeg,1099,846
m/01/002,271,713,126,103,1 (20).jpeg,1099,846
m/01/002,475,582,79,240,1 (20).jpeg,1099,846
m/01/002,603,637,155,73,1 (20).jpeg,1099,846
m/01/002,669,743,135,79,1 (20).jpeg,1099,846
m/01/002,11,365,136,174,1 (20).jpeg,1099,846
m/01/002,186,572,188,35,1 (20).jpeg,1099,846
m/01/002,22,100,115,67,1 (20).jpeg,1099,846
m/01/002,40,191,86,109,1 (20).jpeg,1099,846
m/01/002,264,356,121,50,1 (20).jpeg,1099,846
m/01/002,592,202,67,173,1 (20).jpeg,1099,846
m/01/003,640,502,124,55,1 (20).jpeg,1099,846
m/01/003,844,170,70,100,1 (20).jpeg,1099,846
m/01/002,304,220,646,127,1 (21).jpeg,1099,846
m/01/002,578,458,464,118,1 (21).jpeg,1099,846
m/01/002,10,27,265,92,1 (21).jpeg,1099,846
m/01/002,170,664,252,177,1 (21).jpeg,1099,846
m/01/002,404,3,415,35,1 (21).jpeg,1099,846
m/01/002,909,21,182,182,1 (21).jpeg,1099,846
m/01/002,76,438,111,49,1 (21).jpeg,1099,846
m/01/002,224,505,50,56,1 (21).jpeg,1099,846
m/01/002,136,579,70,61,1 (21).jpeg,1099,846
m/01/003,401,546,147,100,1 (21).jpeg,1099,846
m/01/003,319,379,649,33,1 (21).jpeg,1099,846
m/01/003,568,688,162,68,1 (21).jpeg,1099,846
m/01/003,28,288,91,79,1 (21).jpeg,1099,846
m/01/003,175,164,50,167,1 (21).jpeg,1099,846
m/01/003,305,91,202,41,1 (21).jpeg,1099,846
m/01/004,245,561,174,285,1 (22).jpeg,1099,846
m/01/002,651,555,135,108,1 (22).jpeg,1099,846
m/01/002,942,50,149,74,1 (22).jpeg,1099,846
m/01/002,346,387,76,68,1 (22).jpeg,1099,846
m/01/002,483,461,53,70,1 (22).jpeg,1099,846
m/01/002,556,356,76,64,1 (22).jpeg,1099,846
m/01/002,748,47,30,88,1 (22).jpeg,1099,846
m/01/002,647,164,53,42,1 (22).jpeg,1099,846
m/01/002,878,171,156,32,1 (22).jpeg,1099,846
m/01/002,733,428,133,55,1 (22).jpeg,1099,846
m/01/002,979,550,92,100,1 (22).jpeg,1099,846
m/01/002,891,764,133,82,1 (22).jpeg,1099,846
m/01/002,918,606,27,67,1 (22).jpeg,1099,846
m/01/002,487,666,147,91,1 (22).jpeg,1099,846
m/01/002,70,603,68,139,1 (22).jpeg,1099,846
m/01/002,46,437,150,100,1 (22).jpeg,1099,846
m/01/002,4,290,70,108,1 (22).jpeg,1099,846
m/01/002,0,35,139,156,1 (22).jpeg,1099,846
m/01/002,190,224,96,156,1 (22).jpeg,1099,846
m/01/002,292,82,94,155,1 (22).jpeg,1099,846
m/01/002,556,0,27,124,1 (22).jpeg,1099,846
m/01/002,180,2,320,30,1 (22).jpeg,1099,846
m/01/001,953,335,120,127,1 (22).jpeg,1099,846
m/01/001,798,634,85,61,1 (22).jpeg,1099,846
m/01/001,11,94,53,147,1 (23).jpeg,1099,846
m/01/001,791,26,121,74,1 (23).jpeg,1099,846
m/01/002,551,96,262,111,1 (23).jpeg,1099,846
m/01/002,389,96,155,103,1 (23).jpeg,1099,846
m/01/002,140,123,143,120,1 (23).jpeg,1099,846
m/01/002,46,315,115,108,1 (23).jpeg,1099,846
m/01/002,70,673,109,102,1 (23).jpeg,1099,846
m/01/002,260,716,141,96,1 (23).jpeg,1099,846
m/01/002,205,365,108,114,1 (23).jpeg,1099,846
m/01/002,299,174,121,147,1 (23).jpeg,1099,846
m/01/002,454,326,147,88,1 (23).jpeg,1099,846
m/01/002,625,417,105,97,1 (23).jpeg,1099,846
m/01/002,780,464,82,103,1 (23).jpeg,1099,846
m/01/002,513,537,88,120,1 (23).jpeg,1099,846
m/01/002,355,452,105,133,1 (23).jpeg,1099,846
m/01/002,669,641,73,115,1 (23).jpeg,1099,846
m/01/002,950,531,92,115,1 (23).jpeg,1099,846
m/01/002,822,755,103,76,1 (23).jpeg,1099,846
m/01/003,92,409,74,62,1 (24).jpeg,1099,846
m/01/003,393,470,53,52,1 (24).jpeg,1099,846
m/01/003,216,385,67,61,1 (24).jpeg,1099,846
m/01/003,445,602,64,61,1 (24).jpeg,1099,846
m/01/003,716,766,139,20,1 (24).jpeg,1099,846
m/01/003,882,632,74,62,1 (24).jpeg,1099,846
m/01/003,266,67,117,47,1 (24).jpeg,1099,846
m/01/003,42,149,100,27,1 (24).jpeg,1099,846
m/01/003,352,143,130,65,1 (24).jpeg,1099,846
m/01/003,694,279,76,58,1 (24).jpeg,1099,846
m/01/003,812,291,114,36,1 (24).jpeg,1099,846
m/01/003,446,365,73,58,1 (24).jpeg,1099,846
m/01/003,560,441,141,45,1 (24).jpeg,1099,846
m/01/002,177,494,65,67,1 (24).jpeg,1099,846
m/01/002,319,584,92,67,1 (24).jpeg,1099,846
m/01/002,563,585,258,55,1 (24).jpeg,1099,846
m/01/002,528,690,133,65,1 (24).jpeg,1099,846
m/01/002,506,100,400,97,1 (24).jpeg,1099,846
m/01/002,29,223,156,89,1 (24).jpeg,1099,846
m/01/002,7,631,52,94,1 (24).jpeg,1099,846
m/01/002,125,703,112,136,1 (24).jpeg,1099,846
m/01/002,295,816,102,30,1 (24).jpeg,1099,846
m/01/002,1044,734,55,112,1 (24).jpeg,1099,846
m/01/002,246,153,73,89,1 (24).jpeg,1099,846
m/01/002,390,265,159,53,1 (24).jpeg,1099,846
m/01/002,786,349,237,33,1 (24).jpeg,1099,846
m/01/002,628,39,467,710,1 (25).jpeg,1099,846
m/01/002,283,611,56,67,1 (25).jpeg,1099,846
m/01/002,304,456,76,88,1 (25).jpeg,1099,846
m/01/002,20,186,67,143,1 (25).jpeg,1099,846
m/01/002,95,82,83,35,1 (25).jpeg,1099,846
m/01/002,225,171,64,58,1 (25).jpeg,1099,846
m/01/002,28,8,36,33,1 (25).jpeg,1099,846
m/01/004,195,11,324,114,1 (25).jpeg,1099,846
m/01/004,90,725,496,121,1 (25).jpeg,1099,846
m/01/004,16,452,220,186,1 (25).jpeg,1099,846
m/01/002,7,690,1083,153,1 (26).jpeg,1099,846
m/01/002,81,335,371,332,1 (26).jpeg,1099,846
m/01/002,214,127,127,80,1 (26).jpeg,1099,846
m/01/002,393,218,126,91,1 (26).jpeg,1099,846
m/01/002,556,294,86,56,1 (26).jpeg,1099,846
m/01/002,692,391,136,97,1 (26).jpeg,1099,846
m/01/002,860,500,89,70,1 (26).jpeg,1099,846
m/01/002,989,579,105,56,1 (26).jpeg,1099,846
m/01/002,126,58,144,71,1 (26).jpeg,1099,846
m/01/002,563,35,167,126,1 (26).jpeg,1099,846
m/01/002,781,182,112,105,1 (26).jpeg,1099,846
m/01/002,932,306,146,108,1 (26).jpeg,1099,846
m/01/002,994,32,59,33,1 (26).jpeg,1099,846
m/01/002,853,17,55,33,1 (26).jpeg,1099,846
m/01/002,117,83,188,108,1 (27).jpeg,1099,846
m/01/002,343,203,127,114,1 (27).jpeg,1099,846
m/01/002,506,321,89,76,1 (27).jpeg,1099,846
m/01/002,489,509,115,102,1 (27).jpeg,1099,846
m/01/002,436,676,102,100,1 (27).jpeg,1099,846
m/01/002,258,743,103,73,1 (27).jpeg,1099,846
m/01/002,55,629,106,102,1 (27).jpeg,1099,846
m/01/002,63,341,112,123,1 (27).jpeg,1099,846
m/01/002,466,35,126,106,1 (27).jpeg,1099,846
m/01/002,622,149,129,127,1 (27).jpeg,1099,846
m/01/002,794,306,59,61,1 (27).jpeg,1099,846
m/01/002,694,459,129,126,1 (27).jpeg,1099,846
m/01/002,222,379,152,252,1 (27).jpeg,1099,846
m/01/004,877,230,168,616,1 (27).jpeg,1099,846
m/01/003,665,32,249,56,1 (27).jpeg,1099,846
m/01/003,565,123,466,929,1 (28).jpeg,1126,1058
m/01/003,184,569,326,429,1 (28).jpeg,1126,1058
m/01/003,25,34,212,229,1 (28).jpeg,1126,1058
m/01/001,80,722,944,277,1 (29).jpeg,1126,1058
m/01/004,11,27,1088,421,1 (29).jpeg,1126,1058
m/01/004,180,30,384,175,1 (3).jpeg,797,644
m/01/004,1,269,202,200,1 (3).jpeg,797,644
m/01/004,337,256,223,106,1 (3).jpeg,797,644
m/01/004,412,509,148,130,1 (3).jpeg,797,644
m/01/001,50,581,205,53,1 (3).jpeg,797,644
m/01/001,278,360,84,152,1 (3).jpeg,797,644
m/01/002,717,104,80,540,1 (3).jpeg,797,644
m/01/001,17,394,1109,664,1 (30).jpeg,1126,1058
m/01/004,25,27,1073,281,1 (30).jpeg,1126,1058
m/01/004,4,392,319,635,1 (31).jpeg,1126,1058
m/01/004,510,383,228,154,1 (31).jpeg,1126,1058
m/01/002,774,666,125,129,1 (31).jpeg,1126,1058
m/01/002,958,676,43,67,1 (31).jpeg,1126,1058
m/01/002,864,532,57,40,1 (31).jpeg,1126,1058
m/01/002,1059,513,67,103,1 (31).jpeg,1126,1058
m/01/002,759,260,136,73,1 (31).jpeg,1126,1058
m/01/002,968,292,119,77,1 (31).jpeg,1126,1058
m/01/003,508,846,349,188,1 (31).jpeg,1126,1058
m/01/001,21,15,1073,173,1 (31).jpeg,1126,1058
m/01/001,17,25,1109,273,1 (32).jpeg,1126,1058
m/01/001,593,387,404,252,1 (32).jpeg,1126,1058
m/01/004,134,497,453,554,1 (32).jpeg,1126,1058
m/01/004,436,258,690,273,1 (33).jpeg,1126,1058
m/01/001,32,42,499,956,1 (33).jpeg,1126,1058
m/01/001,652,684,356,267,1 (33).jpeg,1126,1058
m/01/004,45,40,432,961,1 (34).jpeg,1126,1058
m/01/003,495,758,330,180,1 (34).jpeg,1126,1058
m/01/003,940,38,173,212,1 (34).jpeg,1126,1058
m/01/003,643,499,106,104,1 (34).jpeg,1126,1058
m/01/003,542,8,330,315,1 (34).jpeg,1126,1058
m/01/002,834,474,267,216,1 (34).jpeg,1126,1058
m/01/004,588,660,491,345,1 (35).jpeg,1126,1058
m/01/004,260,165,387,275,1 (35).jpeg,1126,1058
m/01/001,846,235,99,165,1 (35).jpeg,1126,1058
m/01/001,588,61,235,57,1 (35).jpeg,1126,1058
m/01/002,165,700,245,358,1 (35).jpeg,1126,1058
m/01/004,442,186,684,872,1 (36).jpeg,1126,1058
m/01/004,6,504,245,140,1 (36).jpeg,1126,1058
m/01/004,13,25,155,76,1 (36).jpeg,1126,1058
m/01/004,23,812,174,231,1 (36).jpeg,1126,1058
m/01/001,252,11,813,127,1 (36).jpeg,1126,1058
m/01/001,17,315,353,137,1 (36).jpeg,1126,1058
m/01/004,18,220,769,411,1 (4).jpeg,797,643
m/01/002,269,59,214,111,1 (4).jpeg,797,643
m/01/004,31,29,131,128,1 (4).jpeg,797,643
m/01/003,282,44,315,307,1 (5).jpeg,797,643
m/01/003,67,611,375,32,1 (5).jpeg,797,643
m/01/004,6,20,218,504,1 (5).jpeg,797,643
m/01/004,352,440,445,100,1 (5).jpeg,797,643
m/01/004,594,2,180,167,1 (5).jpeg,797,643
m/01/004,305,12,247,631,1 (6).jpeg,797,643
m/01/004,7,144,93,363,1 (6).jpeg,797,643
m/01/004,196,53,92,230,1 (6).jpeg,797,643
m/01/002,703,2,84,204,1 (6).jpeg,797,643
m/01/002,684,255,113,296,1 (6).jpeg,797,643
m/01/002,668,573,107,70,1 (6).jpeg,797,643
m/01/004,43,307,746,263,1 (7).jpeg,797,644
m/01/004,97,14,620,89,1 (7).jpeg,797,644
m/01/003,486,142,311,111,1 (7).jpeg,797,644
m/01/003,35,97,117,102,1 (7).jpeg,797,644
m/01/004,185,112,583,125,1 (8).jpeg,797,644
m/01/001,21,0,276,25,1 (8).jpeg,797,644
m/01/003,38,369,156,75,1 (8).jpeg,797,644
m/01/003,385,376,186,60,1 (8).jpeg,797,644
m/01/003,173,271,85,87,1 (8).jpeg,797,644
m/01/002,25,196,128,65,1 (8).jpeg,797,644
m/01/002,112,572,402,72,1 (8).jpeg,797,644
m/01/002,374,524,157,37,1 (8).jpeg,797,644
m/01/002,591,479,206,133,1 (8).jpeg,797,644
m/01/002,7,422,560,222,1 (9).jpeg,797,644
m/01/004,1,91,295,189,1 (9).jpeg,797,644
m/01/004,666,426,127,218,1 (9).jpeg,797,644
m/01/004,403,10,115,140,1 (9).jpeg,797,644
m/01/002,650,6,147,269,1 (9).jpeg,797,644
